{"cameraMode":{"drawMode":0,"name":"Shaded","section":"Shading Mode"},"sceneLighting":false,"audioPlay":false,"sceneViewState":{"m_AlwaysRefresh":false,"showFog":true,"showSkybox":false,"showFlares":true,"showImageEffects":true,"showParticleSystems":true,"showVisualEffectGraphs":true,"m_FxEnabled":true},"in2DMode":false,"pivot":{"x":-0.31006741523742678,"y":0.058491259813308719,"z":8.062498092651368},"rotation":{"x":0.10737433284521103,"y":0.7277501225471497,"z":-0.11600913852453232,"w":0.6676446199417114},"size":8.285757064819336,"orthographic":false}