{"cameraMode":{"drawMode":0,"name":"Shaded","section":"Shading Mode"},"sceneLighting":false,"audioPlay":false,"sceneViewState":{"m_AlwaysRefresh":false,"showFog":true,"showSkybox":true,"showFlares":true,"showImageEffects":true,"showParticleSystems":true,"showVisualEffectGraphs":true,"m_FxEnabled":true},"in2DMode":false,"pivot":{"x":7.950098514556885,"y":5.875727653503418,"z":25.7994384765625},"rotation":{"x":0.006464274134486914,"y":-0.9553008675575256,"z":-0.020922783762216569,"w":-0.29486873745918276},"size":12.381194114685059,"orthographic":false}