{"cameraMode":{"drawMode":0,"name":"Shaded","section":"Shading Mode"},"sceneLighting":false,"audioPlay":false,"sceneViewState":{"m_AlwaysRefresh":false,"showFog":true,"showSkybox":true,"showFlares":true,"showImageEffects":true,"showParticleSystems":true,"showVisualEffectGraphs":true,"m_FxEnabled":true},"in2DMode":false,"pivot":{"x":11.52966594696045,"y":-30.124170303344728,"z":103.13347625732422},"rotation":{"x":0.14458146691322328,"y":0.022559436038136483,"z":-0.003284783335402608,"w":0.9892606139183044},"size":59.764305114746097,"orthographic":false}